date,borsa_istanbul,dolar_kuru,enflasyon,faiz
2023-01-01,3.0,22.0,17.0,19.0
2023-01-02,3.0,21.714285714285715,15.0,18.428571428571427
2023-01-03,3.0,21.428571428571427,13.0,17.857142857142858
2023-01-04,3.0,21.142857142857142,11.0,17.285714285714285
2023-01-05,3.0,20.857142857142858,9.0,16.714285714285715
2023-01-06,3.0,20.571428571428573,7.0,16.142857142857142
2023-01-07,3.0,20.285714285714285,5.0,15.571428571428571
2023-01-08,3.0,20.0,3.0,15.0
2023-01-09,2.857142857142857,19.714285714285715,2.857142857142857,15.285714285714286
2023-01-10,2.7142857142857144,19.428571428571427,2.7142857142857144,15.571428571428571
2023-01-11,2.5714285714285716,19.142857142857142,2.5714285714285716,15.857142857142858
2023-01-12,2.428571428571429,18.857142857142858,2.428571428571429,16.142857142857142
2023-01-13,2.2857142857142856,18.571428571428573,2.2857142857142856,16.428571428571427
2023-01-14,2.142857142857143,18.285714285714285,2.142857142857143,16.714285714285715
2023-01-15,2.0,18.0,2.0,17.0
2023-01-16,2.0,17.857142857142858,2.0,16.714285714285715
2023-01-17,2.0,17.714285714285715,2.0,16.428571428571427
2023-01-18,2.0,17.571428571428573,2.0,16.142857142857142
2023-01-19,2.0,17.428571428571427,2.0,15.857142857142858
2023-01-20,2.0,17.285714285714285,2.0,15.571428571428571
2023-01-21,2.0,17.142857142857142,2.0,15.285714285714286
2023-01-22,2.0,17.0,2.0,15.0
2023-01-23,2.142857142857143,16.857142857142858,2.857142857142857,15.714285714285714
2023-01-24,2.2857142857142856,16.714285714285715,3.7142857142857144,16.428571428571427
2023-01-25,2.4285714285714284,16.571428571428573,4.571428571428571,17.142857142857142
2023-01-26,2.571428571428571,16.428571428571427,5.428571428571429,17.857142857142858
2023-01-27,2.7142857142857144,16.285714285714285,6.285714285714286,18.571428571428573
2023-01-28,2.857142857142857,16.142857142857142,7.142857142857142,19.285714285714285
2023-01-29,3.0,16.0,8.0,20.0
2023-01-30,3.0,15.285714285714286,7.0,18.142857142857142
2023-01-31,3.0,14.571428571428571,6.0,16.285714285714285
2023-02-01,3.0,13.857142857142858,5.0,14.428571428571429
2023-02-02,3.0,13.142857142857142,4.0,12.571428571428571
2023-02-03,3.0,12.428571428571429,3.0,10.714285714285714
2023-02-04,3.0,11.714285714285715,2.0,8.857142857142858
2023-02-05,3.0,11.0,1.0,7.0
2023-02-06,3.0,11.428571428571429,1.1428571428571428,7.428571428571429
2023-02-07,3.0,11.857142857142858,1.2857142857142856,7.857142857142857
2023-02-08,3.0,12.285714285714285,1.4285714285714286,8.285714285714285
2023-02-09,3.0,12.714285714285714,1.5714285714285714,8.714285714285714
2023-02-10,3.0,13.142857142857142,1.7142857142857142,9.142857142857142
2023-02-11,3.0,13.571428571428571,1.8571428571428572,9.571428571428571
2023-02-12,3.0,14.0,2.0,10.0
2023-02-13,2.857142857142857,14.142857142857142,2.0,10.571428571428571
2023-02-14,2.7142857142857144,14.285714285714286,2.0,11.142857142857142
2023-02-15,2.5714285714285716,14.428571428571429,2.0,11.714285714285714
2023-02-16,2.428571428571429,14.571428571428571,2.0,12.285714285714285
2023-02-17,2.2857142857142856,14.714285714285714,2.0,12.857142857142858
2023-02-18,2.142857142857143,14.857142857142858,2.0,13.428571428571429
2023-02-19,2.0,15.0,2.0,14.0
2023-02-20,2.0,14.857142857142858,2.857142857142857,14.0
2023-02-21,2.0,14.714285714285714,3.7142857142857144,14.0
2023-02-22,2.0,14.571428571428571,4.571428571428571,14.0
2023-02-23,2.0,14.428571428571429,5.428571428571429,14.0
2023-02-24,2.0,14.285714285714286,6.285714285714286,14.0
2023-02-25,2.0,14.142857142857142,7.142857142857142,14.0
2023-02-26,2.0,14.0,8.0,14.0
2023-02-27,1.8571428571428572,14.142857142857142,7.142857142857143,14.0
2023-02-28,1.7142857142857144,14.285714285714286,6.285714285714286,14.0
2023-03-01,1.5714285714285714,14.428571428571429,5.428571428571429,14.0
2023-03-02,1.4285714285714286,14.571428571428571,4.571428571428571,14.0
2023-03-03,1.2857142857142858,14.714285714285714,3.7142857142857144,14.0
2023-03-04,1.1428571428571428,14.857142857142858,2.8571428571428577,14.0
2023-03-05,1.0,15.0,2.0,14.0
2023-03-06,1.1428571428571428,15.285714285714286,2.0,14.142857142857142
2023-03-07,1.2857142857142856,15.571428571428571,2.0,14.285714285714286
2023-03-08,1.4285714285714286,15.857142857142858,2.0,14.428571428571429
2023-03-09,1.5714285714285714,16.142857142857142,2.0,14.571428571428571
2023-03-10,1.7142857142857142,16.428571428571427,2.0,14.714285714285714
2023-03-11,1.8571428571428572,16.714285714285715,2.0,14.857142857142858
2023-03-12,2.0,17.0,2.0,15.0
2023-03-13,2.0,17.0,2.0,15.285714285714286
2023-03-14,2.0,17.0,2.0,15.571428571428571
2023-03-15,2.0,17.0,2.0,15.857142857142858
2023-03-16,2.0,17.0,2.0,16.142857142857142
2023-03-17,2.0,17.0,2.0,16.428571428571427
2023-03-18,2.0,17.0,2.0,16.714285714285715
2023-03-19,2.0,17.0,2.0,17.0
2023-03-20,1.8571428571428572,17.142857142857142,2.142857142857143,16.857142857142858
2023-03-21,1.7142857142857144,17.285714285714285,2.2857142857142856,16.714285714285715
2023-03-22,1.5714285714285714,17.428571428571427,2.4285714285714284,16.571428571428573
2023-03-23,1.4285714285714286,17.571428571428573,2.571428571428571,16.428571428571427
2023-03-24,1.2857142857142858,17.714285714285715,2.7142857142857144,16.285714285714285
2023-03-25,1.1428571428571428,17.857142857142858,2.857142857142857,16.142857142857142
2023-03-26,1.0,18.0,3.0,16.0
2023-03-27,1.0,18.285714285714285,3.571428571428571,16.0
2023-03-28,1.0,18.571428571428573,4.142857142857142,16.0
2023-03-29,1.0,18.857142857142858,4.714285714285714,16.0
2023-03-30,1.0,19.142857142857142,5.285714285714286,16.0
2023-03-31,1.0,19.428571428571427,5.857142857142857,16.0
2023-04-01,1.0,19.714285714285715,6.428571428571429,16.0
2023-04-02,1.0,20.0,7.0,16.0
2023-04-03,1.0,20.142857142857142,6.428571428571429,15.857142857142858
2023-04-04,1.0,20.285714285714285,5.857142857142858,15.714285714285714
2023-04-05,1.0,20.428571428571427,5.285714285714286,15.571428571428571
2023-04-06,1.0,20.571428571428573,4.714285714285714,15.428571428571429
2023-04-07,1.0,20.714285714285715,4.142857142857143,15.285714285714286
2023-04-08,1.0,20.857142857142858,3.5714285714285716,15.142857142857142
2023-04-09,1.0,21.0,3.0,15.0
2023-04-10,1.0,21.285714285714285,2.857142857142857,14.571428571428571
2023-04-11,1.0,21.571428571428573,2.7142857142857144,14.142857142857142
2023-04-12,1.0,21.857142857142858,2.5714285714285716,13.714285714285715
2023-04-13,1.0,22.142857142857142,2.428571428571429,13.285714285714286
2023-04-14,1.0,22.428571428571427,2.2857142857142856,12.857142857142858
2023-04-15,1.0,22.714285714285715,2.142857142857143,12.428571428571429
2023-04-16,1.0,23.0,2.0,12.0
2023-04-17,1.0,22.857142857142858,2.0,12.571428571428571
2023-04-18,1.0,22.714285714285715,2.0,13.142857142857142
2023-04-19,1.0,22.571428571428573,2.0,13.714285714285714
2023-04-20,1.0,22.428571428571427,2.0,14.285714285714285
2023-04-21,1.0,22.285714285714285,2.0,14.857142857142858
2023-04-22,1.0,22.142857142857142,2.0,15.428571428571429
2023-04-23,1.0,22.0,2.0,16.0
2023-04-24,1.1428571428571428,21.714285714285715,3.0,16.0
2023-04-25,1.2857142857142856,21.428571428571427,4.0,16.0
2023-04-26,1.4285714285714286,21.142857142857142,5.0,16.0
2023-04-27,1.5714285714285714,20.857142857142858,6.0,16.0
2023-04-28,1.7142857142857142,20.571428571428573,7.0,16.0
2023-04-29,1.8571428571428572,20.285714285714285,8.0,16.0
2023-04-30,2.0,20.0,9.0,16.0
2023-05-01,2.0,20.857142857142858,8.142857142857142,15.428571428571429
2023-05-02,2.0,21.714285714285715,7.285714285714286,14.857142857142858
2023-05-03,2.0,22.57142857142857,6.428571428571429,14.285714285714286
2023-05-04,2.0,23.428571428571427,5.571428571428571,13.714285714285715
2023-05-05,2.0,24.285714285714285,4.714285714285714,13.142857142857142
2023-05-06,2.0,25.142857142857142,3.8571428571428577,12.571428571428571
2023-05-07,2.0,26.0,3.0,12.0
2023-05-08,2.0,26.714285714285715,2.857142857142857,12.285714285714286
2023-05-09,2.0,27.428571428571427,2.7142857142857144,12.571428571428571
2023-05-10,2.0,28.142857142857142,2.5714285714285716,12.857142857142858
2023-05-11,2.0,28.857142857142858,2.428571428571429,13.142857142857142
2023-05-12,2.0,29.571428571428573,2.2857142857142856,13.428571428571429
2023-05-13,2.0,30.285714285714285,2.142857142857143,13.714285714285714
2023-05-14,2.0,31.0,2.0,14.0
2023-05-15,1.8571428571428572,30.857142857142858,2.0,14.571428571428571
2023-05-16,1.7142857142857144,30.714285714285715,2.0,15.142857142857142
2023-05-17,1.5714285714285714,30.571428571428573,2.0,15.714285714285714
2023-05-18,1.4285714285714286,30.428571428571427,2.0,16.285714285714285
2023-05-19,1.2857142857142858,30.285714285714285,2.0,16.857142857142858
2023-05-20,1.1428571428571428,30.142857142857142,2.0,17.428571428571427
2023-05-21,1.0,30.0,2.0,18.0
2023-05-22,1.2857142857142856,34.57142857142857,2.2857142857142856,17.714285714285715
2023-05-23,1.5714285714285714,39.14285714285714,2.571428571428571,17.428571428571427
2023-05-24,1.8571428571428572,43.714285714285715,2.857142857142857,17.142857142857142
2023-05-25,2.142857142857143,48.285714285714285,3.142857142857143,16.857142857142858
2023-05-26,2.4285714285714284,52.857142857142854,3.4285714285714284,16.571428571428573
2023-05-27,2.7142857142857144,57.42857142857143,3.7142857142857144,16.285714285714285
2023-05-28,3.0,62.0,4.0,16.0
2023-05-29,3.0,67.42857142857143,4.857142857142857,16.571428571428573
2023-05-30,3.0,72.85714285714286,5.714285714285714,17.142857142857142
2023-05-31,3.0,78.28571428571428,6.571428571428571,17.714285714285715
2023-06-01,3.0,83.71428571428572,7.428571428571429,18.285714285714285
2023-06-02,3.0,89.14285714285714,8.285714285714285,18.857142857142858
2023-06-03,3.0,94.57142857142857,9.142857142857142,19.428571428571427
2023-06-04,3.0,100.0,10.0,20.0
2023-06-05,2.857142857142857,93.57142857142857,9.0,21.0
2023-06-06,2.7142857142857144,87.14285714285714,8.0,22.0
2023-06-07,2.5714285714285716,80.71428571428572,7.0,23.0
2023-06-08,2.428571428571429,74.28571428571428,6.0,24.0
2023-06-09,2.2857142857142856,67.85714285714286,5.0,25.0
2023-06-10,2.142857142857143,61.42857142857143,4.0,26.0
2023-06-11,2.0,55.0,3.0,27.0
2023-06-12,2.0,57.285714285714285,3.0,30.285714285714285
2023-06-13,2.0,59.57142857142857,3.0,33.57142857142857
2023-06-14,2.0,61.857142857142854,3.0,36.85714285714286
2023-06-15,2.0,64.14285714285714,3.0,40.14285714285714
2023-06-16,2.0,66.42857142857143,3.0,43.42857142857143
2023-06-17,2.0,68.71428571428571,3.0,46.714285714285715
2023-06-18,2.0,71.0,3.0,50.0
2023-06-19,2.0,68.71428571428571,3.0,45.42857142857143
2023-06-20,2.0,66.42857142857143,3.0,40.85714285714286
2023-06-21,2.0,64.14285714285714,3.0,36.285714285714285
2023-06-22,2.0,61.85714285714286,3.0,31.714285714285715
2023-06-23,2.0,59.57142857142857,3.0,27.142857142857146
2023-06-24,2.0,57.285714285714285,3.0,22.571428571428573
2023-06-25,2.0,55.0,3.0,18.0
2023-06-26,2.142857142857143,55.0,5.142857142857142,18.571428571428573
2023-06-27,2.2857142857142856,55.0,7.285714285714286,19.142857142857142
2023-06-28,2.4285714285714284,55.0,9.428571428571429,19.714285714285715
2023-06-29,2.571428571428571,55.0,11.571428571428571,20.285714285714285
2023-06-30,2.7142857142857144,55.0,13.714285714285714,20.857142857142858
2023-07-01,2.857142857142857,55.0,15.857142857142858,21.428571428571427
2023-07-02,3.0,55.0,18.0,22.0
2023-07-03,3.0,53.285714285714285,15.857142857142858,21.714285714285715
2023-07-04,3.0,51.57142857142857,13.714285714285715,21.428571428571427
2023-07-05,3.0,49.85714285714286,11.571428571428571,21.142857142857142
2023-07-06,3.0,48.142857142857146,9.428571428571429,20.857142857142858
2023-07-07,3.0,46.42857142857143,7.2857142857142865,20.571428571428573
2023-07-08,3.0,44.714285714285715,5.142857142857142,20.285714285714285
2023-07-09,3.0,43.0,3.0,20.0
2023-07-10,3.0,46.0,2.857142857142857,22.0
2023-07-11,3.0,49.0,2.7142857142857144,24.0
2023-07-12,3.0,52.0,2.5714285714285716,26.0
2023-07-13,3.0,55.0,2.428571428571429,28.0
2023-07-14,3.0,58.0,2.2857142857142856,30.0
2023-07-15,3.0,61.0,2.142857142857143,32.0
2023-07-16,3.0,64.0,2.0,34.0
2023-07-17,3.0,60.285714285714285,2.142857142857143,32.57142857142857
2023-07-18,3.0,56.57142857142857,2.2857142857142856,31.142857142857142
2023-07-19,3.0,52.85714285714286,2.4285714285714284,29.714285714285715
2023-07-20,3.0,49.14285714285714,2.571428571428571,28.285714285714285
2023-07-21,3.0,45.42857142857143,2.7142857142857144,26.857142857142858
2023-07-22,3.0,41.714285714285715,2.857142857142857,25.42857142857143
2023-07-23,3.0,38.0,3.0,24.0
2023-07-24,3.0,37.714285714285715,3.7142857142857144,22.857142857142858
2023-07-25,3.0,37.42857142857143,4.428571428571429,21.714285714285715
2023-07-26,3.0,37.142857142857146,5.142857142857142,20.571428571428573
2023-07-27,3.0,36.857142857142854,5.857142857142858,19.42857142857143
2023-07-28,3.0,36.57142857142857,6.571428571428571,18.285714285714285
2023-07-29,3.0,36.285714285714285,7.285714285714286,17.142857142857142
2023-07-30,3.0,36.0,8.0,16.0
2023-07-31,3.0,35.57142857142857,7.285714285714286,15.857142857142858
2023-08-01,3.0,35.142857142857146,6.571428571428571,15.714285714285714
2023-08-02,3.0,34.714285714285715,5.857142857142858,15.571428571428571
2023-08-03,3.0,34.285714285714285,5.142857142857142,15.428571428571429
2023-08-04,3.0,33.857142857142854,4.428571428571429,15.285714285714286
2023-08-05,3.0,33.42857142857143,3.7142857142857144,15.142857142857142
2023-08-06,3.0,33.0,3.0,15.0
2023-08-07,3.0,32.42857142857143,3.0,15.0
2023-08-08,3.0,31.857142857142858,3.0,15.0
2023-08-09,3.0,31.285714285714285,3.0,15.0
2023-08-10,3.0,30.714285714285715,3.0,15.0
2023-08-11,3.0,30.142857142857142,3.0,15.0
2023-08-12,3.0,29.571428571428573,3.0,15.0
2023-08-13,3.0,29.0,3.0,15.0
2023-08-14,3.0,32.285714285714285,2.857142857142857,18.0
2023-08-15,3.0,35.57142857142857,2.7142857142857144,21.0
2023-08-16,3.0,38.85714285714286,2.5714285714285716,24.0
2023-08-17,3.0,42.14285714285714,2.428571428571429,27.0
2023-08-18,3.0,45.42857142857143,2.2857142857142856,30.0
2023-08-19,3.0,48.714285714285715,2.142857142857143,33.0
2023-08-20,3.0,52.0,2.0,36.0
2023-08-21,3.0,49.57142857142857,2.4285714285714284,33.57142857142857
2023-08-22,3.0,47.142857142857146,2.857142857142857,31.142857142857142
2023-08-23,3.0,44.714285714285715,3.2857142857142856,28.714285714285715
2023-08-24,3.0,42.285714285714285,3.7142857142857144,26.285714285714285
2023-08-25,3.0,39.85714285714286,4.142857142857142,23.857142857142858
2023-08-26,3.0,37.42857142857143,4.571428571428571,21.42857142857143
2023-08-27,3.0,35.0,5.0,19.0
2023-08-28,3.0,34.285714285714285,5.857142857142857,18.857142857142858
2023-08-29,3.0,33.57142857142857,6.714285714285714,18.714285714285715
2023-08-30,3.0,32.857142857142854,7.571428571428571,18.571428571428573
2023-08-31,3.0,32.142857142857146,8.428571428571429,18.428571428571427
2023-09-01,3.0,31.428571428571427,9.285714285714285,18.285714285714285
2023-09-02,3.0,30.714285714285715,10.142857142857142,18.142857142857142
2023-09-03,3.0,30.0,11.0,18.0
2023-09-04,3.142857142857143,29.857142857142858,9.857142857142858,18.857142857142858
2023-09-05,3.2857142857142856,29.714285714285715,8.714285714285715,19.714285714285715
2023-09-06,3.4285714285714284,29.571428571428573,7.571428571428571,20.57142857142857
2023-09-07,3.571428571428571,29.428571428571427,6.428571428571429,21.428571428571427
2023-09-08,3.7142857142857144,29.285714285714285,5.2857142857142865,22.285714285714285
2023-09-09,3.857142857142857,29.142857142857142,4.142857142857143,23.142857142857142
2023-09-10,4.0,29.0,3.0,24.0
2023-09-11,3.857142857142857,29.428571428571427,2.857142857142857,26.857142857142858
2023-09-12,3.7142857142857144,29.857142857142858,2.7142857142857144,29.714285714285715
2023-09-13,3.5714285714285716,30.285714285714285,2.5714285714285716,32.57142857142857
2023-09-14,3.428571428571429,30.714285714285715,2.428571428571429,35.42857142857143
2023-09-15,3.2857142857142856,31.142857142857142,2.2857142857142856,38.285714285714285
2023-09-16,3.142857142857143,31.57142857142857,2.142857142857143,41.14285714285714
2023-09-17,3.0,32.0,2.0,44.0
2023-09-18,3.0,31.857142857142858,2.142857142857143,41.0
2023-09-19,3.0,31.714285714285715,2.2857142857142856,38.0
2023-09-20,3.0,31.571428571428573,2.4285714285714284,35.0
2023-09-21,3.0,31.428571428571427,2.571428571428571,32.0
2023-09-22,3.0,31.285714285714285,2.7142857142857144,29.0
2023-09-23,3.0,31.142857142857142,2.857142857142857,26.0
2023-09-24,3.0,31.0,3.0,23.0
2023-09-25,3.0,30.857142857142858,3.857142857142857,22.571428571428573
2023-09-26,3.0,30.714285714285715,4.714285714285714,22.142857142857142
2023-09-27,3.0,30.571428571428573,5.571428571428571,21.714285714285715
2023-09-28,3.0,30.428571428571427,6.428571428571429,21.285714285714285
2023-09-29,3.0,30.285714285714285,7.285714285714286,20.857142857142858
2023-09-30,3.0,30.142857142857142,8.142857142857142,20.42857142857143
2023-10-01,3.0,30.0,9.0,20.0
2023-10-02,3.0,30.0,8.0,19.857142857142858
2023-10-03,3.0,30.0,7.0,19.714285714285715
2023-10-04,3.0,30.0,6.0,19.571428571428573
2023-10-05,3.0,30.0,5.0,19.428571428571427
2023-10-06,3.0,30.0,4.0,19.285714285714285
2023-10-07,3.0,30.0,3.0,19.142857142857142
2023-10-08,3.0,30.0,2.0,19.0
2023-10-09,3.0,30.142857142857142,2.0,19.285714285714285
2023-10-10,3.0,30.285714285714285,2.0,19.571428571428573
2023-10-11,3.0,30.428571428571427,2.0,19.857142857142858
2023-10-12,3.0,30.571428571428573,2.0,20.142857142857142
2023-10-13,3.0,30.714285714285715,2.0,20.428571428571427
2023-10-14,3.0,30.857142857142858,2.0,20.714285714285715
2023-10-15,3.0,31.0,2.0,21.0
2023-10-16,3.142857142857143,30.857142857142858,2.142857142857143,22.571428571428573
2023-10-17,3.2857142857142856,30.714285714285715,2.2857142857142856,24.142857142857142
2023-10-18,3.4285714285714284,30.571428571428573,2.4285714285714284,25.714285714285715
2023-10-19,3.571428571428571,30.428571428571427,2.571428571428571,27.285714285714285
2023-10-20,3.7142857142857144,30.285714285714285,2.7142857142857144,28.857142857142858
2023-10-21,3.857142857142857,30.142857142857142,2.857142857142857,30.42857142857143
2023-10-22,4.0,30.0,3.0,32.0
2023-10-23,3.857142857142857,32.285714285714285,4.285714285714286,30.714285714285715
2023-10-24,3.7142857142857144,34.57142857142857,5.571428571428571,29.428571428571427
2023-10-25,3.5714285714285716,36.857142857142854,6.857142857142858,28.142857142857142
2023-10-26,3.428571428571429,39.14285714285714,8.142857142857142,26.857142857142858
2023-10-27,3.2857142857142856,41.42857142857143,9.428571428571429,25.57142857142857
2023-10-28,3.142857142857143,43.714285714285715,10.714285714285715,24.285714285714285
2023-10-29,3.0,46.0,12.0,23.0
2023-10-30,2.857142857142857,43.57142857142857,10.714285714285714,22.285714285714285
2023-10-31,2.7142857142857144,41.142857142857146,9.428571428571429,21.571428571428573
2023-11-01,2.5714285714285716,38.714285714285715,8.142857142857142,20.857142857142858
2023-11-02,2.428571428571429,36.285714285714285,6.857142857142857,20.142857142857142
2023-11-03,2.2857142857142856,33.85714285714286,5.571428571428571,19.428571428571427
2023-11-04,2.142857142857143,31.42857142857143,4.285714285714285,18.714285714285715
2023-11-05,2.0,29.0,3.0,18.0
2023-11-06,2.0,28.142857142857142,3.0,18.142857142857142
2023-11-07,2.0,27.285714285714285,3.0,18.285714285714285
2023-11-08,2.0,26.42857142857143,3.0,18.428571428571427
2023-11-09,2.0,25.571428571428573,3.0,18.571428571428573
2023-11-10,2.0,24.714285714285715,3.0,18.714285714285715
2023-11-11,2.0,23.857142857142858,3.0,18.857142857142858
2023-11-12,2.0,23.0,3.0,19.0
2023-11-13,2.0,23.142857142857142,3.0,21.0
2023-11-14,2.0,23.285714285714285,3.0,23.0
2023-11-15,2.0,23.428571428571427,3.0,25.0
2023-11-16,2.0,23.571428571428573,3.0,27.0
2023-11-17,2.0,23.714285714285715,3.0,29.0
2023-11-18,2.0,23.857142857142858,3.0,31.0
2023-11-19,2.0,24.0,3.0,33.0
2023-11-20,2.0,23.714285714285715,3.142857142857143,31.571428571428573
2023-11-21,2.0,23.428571428571427,3.2857142857142856,30.142857142857142
2023-11-22,2.0,23.142857142857142,3.4285714285714284,28.714285714285715
2023-11-23,2.0,22.857142857142858,3.571428571428571,27.285714285714285
2023-11-24,2.0,22.571428571428573,3.7142857142857144,25.857142857142858
2023-11-25,2.0,22.285714285714285,3.857142857142857,24.42857142857143
2023-11-26,2.0,22.0,4.0,23.0
2023-11-27,2.0,21.571428571428573,5.142857142857142,22.857142857142858
2023-11-28,2.0,21.142857142857142,6.285714285714286,22.714285714285715
2023-11-29,2.0,20.714285714285715,7.428571428571429,22.571428571428573
2023-11-30,2.0,20.285714285714285,8.571428571428571,22.428571428571427
2023-12-01,2.0,19.857142857142858,9.714285714285714,22.285714285714285
2023-12-02,2.0,19.42857142857143,10.857142857142858,22.142857142857142
2023-12-03,2.0,19.0,12.0,22.0
2023-12-04,2.0,19.285714285714285,10.714285714285714,22.857142857142858
2023-12-05,2.0,19.571428571428573,9.428571428571429,23.714285714285715
2023-12-06,2.0,19.857142857142858,8.142857142857142,24.57142857142857
2023-12-07,2.0,20.142857142857142,6.857142857142857,25.428571428571427
2023-12-08,2.0,20.428571428571427,5.571428571428571,26.285714285714285
2023-12-09,2.0,20.714285714285715,4.285714285714285,27.142857142857142
2023-12-10,2.0,21.0,3.0,28.0
2023-12-11,2.0,20.714285714285715,3.0,28.428571428571427
2023-12-12,2.0,20.428571428571427,3.0,28.857142857142858
2023-12-13,2.0,20.142857142857142,3.0,29.285714285714285
2023-12-14,2.0,19.857142857142858,3.0,29.714285714285715
2023-12-15,2.0,19.571428571428573,3.0,30.142857142857142
2023-12-16,2.0,19.285714285714285,3.0,30.57142857142857
2023-12-17,2.0,19.0,3.0,31.0
2023-12-18,2.0,19.428571428571427,3.2857142857142856,29.571428571428573
2023-12-19,2.0,19.857142857142858,3.571428571428571,28.142857142857142
2023-12-20,2.0,20.285714285714285,3.857142857142857,26.714285714285715
2023-12-21,2.0,20.714285714285715,4.142857142857142,25.285714285714285
2023-12-22,2.0,21.142857142857142,4.428571428571429,23.857142857142858
2023-12-23,2.0,21.57142857142857,4.714285714285714,22.42857142857143
2023-12-24,2.0,22.0,5.0,21.0
2023-12-25,2.0,21.714285714285715,6.714285714285714,20.857142857142858
2023-12-26,2.0,21.428571428571427,8.428571428571429,20.714285714285715
2023-12-27,2.0,21.142857142857142,10.142857142857142,20.571428571428573
2023-12-28,2.0,20.857142857142858,11.857142857142858,20.428571428571427
2023-12-29,2.0,20.571428571428573,13.571428571428571,20.285714285714285
2023-12-30,2.0,20.285714285714285,15.285714285714285,20.142857142857142
2023-12-31,2.0,20.0,17.0,20.0
2024-01-01,2.0,20.142857142857142,15.0,19.714285714285715
2024-01-02,2.0,20.285714285714285,13.0,19.428571428571427
2024-01-03,2.0,20.428571428571427,11.0,19.142857142857142
2024-01-04,2.0,20.571428571428573,9.0,18.857142857142858
2024-01-05,2.0,20.714285714285715,7.0,18.571428571428573
2024-01-06,2.0,20.857142857142858,5.0,18.285714285714285
2024-01-07,2.0,21.0,3.0,18.0
2024-01-08,2.0,20.571428571428573,3.0,18.0
2024-01-09,2.0,20.142857142857142,3.0,18.0
2024-01-10,2.0,19.714285714285715,3.0,18.0
2024-01-11,2.0,19.285714285714285,3.0,18.0
2024-01-12,2.0,18.857142857142858,3.0,18.0
2024-01-13,2.0,18.42857142857143,3.0,18.0
2024-01-14,2.0,18.0,3.0,18.0
2024-01-15,1.8571428571428572,17.857142857142858,3.0,19.0
2024-01-16,1.7142857142857144,17.714285714285715,3.0,20.0
2024-01-17,1.5714285714285714,17.571428571428573,3.0,21.0
2024-01-18,1.4285714285714286,17.428571428571427,3.0,22.0
2024-01-19,1.2857142857142858,17.285714285714285,3.0,23.0
2024-01-20,1.1428571428571428,17.142857142857142,3.0,24.0
2024-01-21,1.0,17.0,3.0,25.0
2024-01-22,1.0,16.571428571428573,3.142857142857143,24.285714285714285
2024-01-23,1.0,16.142857142857142,3.2857142857142856,23.571428571428573
2024-01-24,1.0,15.714285714285715,3.4285714285714284,22.857142857142858
2024-01-25,1.0,15.285714285714286,3.571428571428571,22.142857142857142
2024-01-26,1.0,14.857142857142858,3.7142857142857144,21.428571428571427
2024-01-27,1.0,14.428571428571429,3.857142857142857,20.714285714285715
2024-01-28,1.0,14.0,4.0,20.0
2024-01-29,1.1428571428571428,14.0,4.428571428571429,19.571428571428573
2024-01-30,1.2857142857142856,14.0,4.857142857142857,19.142857142857142
2024-01-31,1.4285714285714286,14.0,5.285714285714286,18.714285714285715
2024-02-01,1.5714285714285714,14.0,5.714285714285714,18.285714285714285
2024-02-02,1.7142857142857142,14.0,6.142857142857142,17.857142857142858
2024-02-03,1.8571428571428572,14.0,6.571428571428571,17.42857142857143
2024-02-04,2.0,14.0,7.0,17.0
2024-02-05,2.0,13.857142857142858,6.428571428571429,16.857142857142858
2024-02-06,2.0,13.714285714285714,5.857142857142858,16.714285714285715
2024-02-07,2.0,13.571428571428571,5.285714285714286,16.571428571428573
2024-02-08,2.0,13.428571428571429,4.714285714285714,16.428571428571427
2024-02-09,2.0,13.285714285714286,4.142857142857143,16.285714285714285
2024-02-10,2.0,13.142857142857142,3.5714285714285716,16.142857142857142
2024-02-11,2.0,13.0,3.0,16.0
2024-02-12,2.0,13.285714285714286,3.0,16.571428571428573
2024-02-13,2.0,13.571428571428571,3.0,17.142857142857142
2024-02-14,2.0,13.857142857142858,3.0,17.714285714285715
2024-02-15,2.0,14.142857142857142,3.0,18.285714285714285
2024-02-16,2.0,14.428571428571429,3.0,18.857142857142858
2024-02-17,2.0,14.714285714285714,3.0,19.428571428571427
2024-02-18,2.0,15.0,3.0,20.0
2024-02-19,2.0,15.0,3.142857142857143,19.428571428571427
2024-02-20,2.0,15.0,3.2857142857142856,18.857142857142858
2024-02-21,2.0,15.0,3.4285714285714284,18.285714285714285
2024-02-22,2.0,15.0,3.571428571428571,17.714285714285715
2024-02-23,2.0,15.0,3.7142857142857144,17.142857142857142
2024-02-24,2.0,15.0,3.857142857142857,16.571428571428573
2024-02-25,2.0,15.0,4.0,16.0
2024-02-26,2.0,15.571428571428571,4.714285714285714,15.857142857142858
2024-02-27,2.0,16.142857142857142,5.428571428571429,15.714285714285714
2024-02-28,2.0,16.714285714285715,6.142857142857142,15.571428571428571
2024-02-29,2.0,17.285714285714285,6.857142857142858,15.428571428571429
2024-03-01,2.0,17.857142857142858,7.571428571428571,15.285714285714286
2024-03-02,2.0,18.428571428571427,8.285714285714285,15.142857142857142
2024-03-03,2.0,19.0,9.0,15.0
2024-03-04,2.0,18.857142857142858,8.285714285714286,15.428571428571429
2024-03-05,2.0,18.714285714285715,7.571428571428571,15.857142857142858
2024-03-06,2.0,18.571428571428573,6.857142857142858,16.285714285714285
2024-03-07,2.0,18.428571428571427,6.142857142857142,16.714285714285715
2024-03-08,2.0,18.285714285714285,5.428571428571429,17.142857142857142
2024-03-09,2.0,18.142857142857142,4.714285714285714,17.57142857142857
2024-03-10,2.0,18.0,4.0,18.0
2024-03-11,2.0,18.0,4.0,19.857142857142858
2024-03-12,2.0,18.0,4.0,21.714285714285715
2024-03-13,2.0,18.0,4.0,23.57142857142857
2024-03-14,2.0,18.0,4.0,25.42857142857143
2024-03-15,2.0,18.0,4.0,27.285714285714285
2024-03-16,2.0,18.0,4.0,29.142857142857142
2024-03-17,2.0,18.0,4.0,31.0
2024-03-18,1.8571428571428572,17.571428571428573,4.142857142857143,29.428571428571427
2024-03-19,1.7142857142857144,17.142857142857142,4.285714285714286,27.857142857142858
2024-03-20,1.5714285714285714,16.714285714285715,4.428571428571429,26.285714285714285
2024-03-21,1.4285714285714286,16.285714285714285,4.571428571428571,24.714285714285715
2024-03-22,1.2857142857142858,15.857142857142858,4.714285714285714,23.142857142857142
2024-03-23,1.1428571428571428,15.428571428571429,4.857142857142857,21.57142857142857
2024-03-24,1.0,15.0,5.0,20.0
2024-03-25,1.1428571428571428,15.571428571428571,5.714285714285714,19.428571428571427
2024-03-26,1.2857142857142856,16.142857142857142,6.428571428571429,18.857142857142858
2024-03-27,1.4285714285714286,16.714285714285715,7.142857142857142,18.285714285714285
2024-03-28,1.5714285714285714,17.285714285714285,7.857142857142858,17.714285714285715
2024-03-29,1.7142857142857142,17.857142857142858,8.571428571428571,17.142857142857142
2024-03-30,1.8571428571428572,18.428571428571427,9.285714285714285,16.571428571428573
2024-03-31,2.0,19.0,10.0,16.0
2024-04-01,1.8571428571428572,18.0,9.142857142857142,15.857142857142858
2024-04-02,1.7142857142857144,17.0,8.285714285714286,15.714285714285714
2024-04-03,1.5714285714285714,16.0,7.428571428571429,15.571428571428571
2024-04-04,1.4285714285714286,15.0,6.571428571428571,15.428571428571429
2024-04-05,1.2857142857142858,14.0,5.714285714285714,15.285714285714286
2024-04-06,1.1428571428571428,13.0,4.857142857142858,15.142857142857142
2024-04-07,1.0,12.0,4.0,15.0
2024-04-08,1.1428571428571428,12.428571428571429,4.142857142857143,15.428571428571429
2024-04-09,1.2857142857142856,12.857142857142858,4.285714285714286,15.857142857142858
2024-04-10,1.4285714285714286,13.285714285714285,4.428571428571429,16.285714285714285
2024-04-11,1.5714285714285714,13.714285714285714,4.571428571428571,16.714285714285715
2024-04-12,1.7142857142857142,14.142857142857142,4.714285714285714,17.142857142857142
2024-04-13,1.8571428571428572,14.571428571428571,4.857142857142857,17.57142857142857
2024-04-14,2.0,15.0,5.0,18.0
2024-04-15,1.8571428571428572,14.571428571428571,5.0,19.142857142857142
2024-04-16,1.7142857142857144,14.142857142857142,5.0,20.285714285714285
2024-04-17,1.5714285714285714,13.714285714285715,5.0,21.428571428571427
2024-04-18,1.4285714285714286,13.285714285714286,5.0,22.57142857142857
2024-04-19,1.2857142857142858,12.857142857142858,5.0,23.714285714285715
2024-04-20,1.1428571428571428,12.428571428571429,5.0,24.857142857142858
2024-04-21,1.0,12.0,5.0,26.0
2024-04-22,1.0,12.0,6.0,25.428571428571427
2024-04-23,1.0,12.0,7.0,24.857142857142858
2024-04-24,1.0,12.0,8.0,24.285714285714285
2024-04-25,1.0,12.0,9.0,23.714285714285715
2024-04-26,1.0,12.0,10.0,23.142857142857142
2024-04-27,1.0,12.0,11.0,22.571428571428573
2024-04-28,1.0,12.0,12.0,22.0
2024-04-29,1.0,11.857142857142858,11.0,21.571428571428573
2024-04-30,1.0,11.714285714285714,10.0,21.142857142857142
2024-05-01,1.0,11.571428571428571,9.0,20.714285714285715
2024-05-02,1.0,11.428571428571429,8.0,20.285714285714285
2024-05-03,1.0,11.285714285714286,7.0,19.857142857142858
2024-05-04,1.0,11.142857142857142,6.0,19.42857142857143
2024-05-05,1.0,11.0,5.0,19.0
2024-05-06,1.1428571428571428,11.0,4.857142857142857,19.142857142857142
2024-05-07,1.2857142857142856,11.0,4.714285714285714,19.285714285714285
2024-05-08,1.4285714285714286,11.0,4.571428571428571,19.428571428571427
2024-05-09,1.5714285714285714,11.0,4.428571428571429,19.571428571428573
2024-05-10,1.7142857142857142,11.0,4.285714285714286,19.714285714285715
2024-05-11,1.8571428571428572,11.0,4.142857142857143,19.857142857142858
2024-05-12,2.0,11.0,4.0,20.0
2024-05-13,2.0,10.857142857142858,3.857142857142857,20.428571428571427
2024-05-14,2.0,10.714285714285714,3.7142857142857144,20.857142857142858
2024-05-15,2.0,10.571428571428571,3.5714285714285716,21.285714285714285
2024-05-16,2.0,10.428571428571429,3.428571428571429,21.714285714285715
2024-05-17,2.0,10.285714285714286,3.2857142857142856,22.142857142857142
2024-05-18,2.0,10.142857142857142,3.142857142857143,22.57142857142857
2024-05-19,2.0,10.0,3.0,23.0
2024-05-20,2.0,10.0,3.142857142857143,22.285714285714285
2024-05-21,2.0,10.0,3.2857142857142856,21.571428571428573
2024-05-22,2.0,10.0,3.4285714285714284,20.857142857142858
2024-05-23,2.0,10.0,3.571428571428571,20.142857142857142
2024-05-24,2.0,10.0,3.7142857142857144,19.428571428571427
2024-05-25,2.0,10.0,3.857142857142857,18.714285714285715
2024-05-26,2.0,10.0,4.0,18.0
2024-05-27,2.0,10.142857142857142,5.142857142857142,18.0
2024-05-28,2.0,10.285714285714286,6.285714285714286,18.0
2024-05-29,2.0,10.428571428571429,7.428571428571429,18.0
2024-05-30,2.0,10.571428571428571,8.571428571428571,18.0
2024-05-31,2.0,10.714285714285714,9.714285714285714,18.0
2024-06-01,2.0,10.857142857142858,10.857142857142858,18.0
2024-06-02,2.0,11.0,12.0,18.0
2024-06-03,1.8571428571428572,10.857142857142858,10.857142857142858,18.0
2024-06-04,1.7142857142857144,10.714285714285714,9.714285714285715,18.0
2024-06-05,1.5714285714285714,10.571428571428571,8.571428571428571,18.0
2024-06-06,1.4285714285714286,10.428571428571429,7.428571428571429,18.0
2024-06-07,1.2857142857142858,10.285714285714286,6.2857142857142865,18.0
2024-06-08,1.1428571428571428,10.142857142857142,5.142857142857143,18.0
2024-06-09,1.0,10.0,4.0,18.0
2024-06-10,1.0,9.857142857142858,3.857142857142857,17.428571428571427
2024-06-11,1.0,9.714285714285714,3.7142857142857144,16.857142857142858
2024-06-12,1.0,9.571428571428571,3.5714285714285716,16.285714285714285
2024-06-13,1.0,9.428571428571429,3.428571428571429,15.714285714285715
2024-06-14,1.0,9.285714285714286,3.2857142857142856,15.142857142857142
2024-06-15,1.0,9.142857142857142,3.142857142857143,14.571428571428571
2024-06-16,1.0,9.0,3.0,14.0
2024-06-17,1.1428571428571428,9.428571428571429,3.2857142857142856,14.857142857142858
2024-06-18,1.2857142857142856,9.857142857142858,3.571428571428571,15.714285714285714
2024-06-19,1.4285714285714286,10.285714285714285,3.857142857142857,16.57142857142857
2024-06-20,1.5714285714285714,10.714285714285714,4.142857142857142,17.428571428571427
2024-06-21,1.7142857142857142,11.142857142857142,4.428571428571429,18.285714285714285
2024-06-22,1.8571428571428572,11.571428571428571,4.714285714285714,19.142857142857142
2024-06-23,2.0,12.0,5.0,20.0
2024-06-24,2.142857142857143,11.714285714285714,6.285714285714286,19.571428571428573
2024-06-25,2.2857142857142856,11.428571428571429,7.571428571428571,19.142857142857142
2024-06-26,2.4285714285714284,11.142857142857142,8.857142857142858,18.714285714285715
2024-06-27,2.571428571428571,10.857142857142858,10.142857142857142,18.285714285714285
2024-06-28,2.7142857142857144,10.571428571428571,11.428571428571429,17.857142857142858
2024-06-29,2.857142857142857,10.285714285714286,12.714285714285715,17.42857142857143
2024-06-30,3.0,10.0,14.0,17.0
2024-07-01,2.857142857142857,10.142857142857142,12.571428571428571,17.142857142857142
2024-07-02,2.7142857142857144,10.285714285714286,11.142857142857142,17.285714285714285
2024-07-03,2.5714285714285716,10.428571428571429,9.714285714285715,17.428571428571427
2024-07-04,2.428571428571429,10.571428571428571,8.285714285714285,17.571428571428573
2024-07-05,2.2857142857142856,10.714285714285714,6.857142857142857,17.714285714285715
2024-07-06,2.142857142857143,10.857142857142858,5.428571428571429,17.857142857142858
2024-07-07,2.0,11.0,4.0,18.0
2024-07-08,2.0,11.0,3.857142857142857,18.0
2024-07-09,2.0,11.0,3.7142857142857144,18.0
2024-07-10,2.0,11.0,3.5714285714285716,18.0
2024-07-11,2.0,11.0,3.428571428571429,18.0
2024-07-12,2.0,11.0,3.2857142857142856,18.0
2024-07-13,2.0,11.0,3.142857142857143,18.0
2024-07-14,2.0,11.0,3.0,18.0
2024-07-15,2.142857142857143,10.857142857142858,3.0,18.428571428571427
2024-07-16,2.2857142857142856,10.714285714285714,3.0,18.857142857142858
2024-07-17,2.4285714285714284,10.571428571428571,3.0,19.285714285714285
2024-07-18,2.571428571428571,10.428571428571429,3.0,19.714285714285715
2024-07-19,2.7142857142857144,10.285714285714286,3.0,20.142857142857142
2024-07-20,2.857142857142857,10.142857142857142,3.0,20.57142857142857
2024-07-21,3.0,10.0,3.0,21.0
2024-07-22,2.857142857142857,10.142857142857142,3.142857142857143,20.857142857142858
2024-07-23,2.7142857142857144,10.285714285714286,3.2857142857142856,20.714285714285715
2024-07-24,2.5714285714285716,10.428571428571429,3.4285714285714284,20.571428571428573
2024-07-25,2.428571428571429,10.571428571428571,3.571428571428571,20.428571428571427
2024-07-26,2.2857142857142856,10.714285714285714,3.7142857142857144,20.285714285714285
2024-07-27,2.142857142857143,10.857142857142858,3.857142857142857,20.142857142857142
2024-07-28,2.0,11.0,4.0,20.0
2024-07-29,2.0,11.0,4.714285714285714,19.571428571428573
2024-07-30,2.0,11.0,5.428571428571429,19.142857142857142
2024-07-31,2.0,11.0,6.142857142857142,18.714285714285715
2024-08-01,2.0,11.0,6.857142857142858,18.285714285714285
2024-08-02,2.0,11.0,7.571428571428571,17.857142857142858
2024-08-03,2.0,11.0,8.285714285714285,17.42857142857143
2024-08-04,2.0,11.0,9.0,17.0
2024-08-05,1.8571428571428572,10.857142857142858,8.571428571428571,17.142857142857142
2024-08-06,1.7142857142857144,10.714285714285714,8.142857142857142,17.285714285714285
2024-08-07,1.5714285714285714,10.571428571428571,7.714285714285714,17.428571428571427
2024-08-08,1.4285714285714286,10.428571428571429,7.285714285714286,17.571428571428573
2024-08-09,1.2857142857142858,10.285714285714286,6.857142857142858,17.714285714285715
2024-08-10,1.1428571428571428,10.142857142857142,6.428571428571429,17.857142857142858
2024-08-11,1.0,10.0,6.0,18.0
2024-08-12,1.1428571428571428,10.285714285714286,5.857142857142857,18.571428571428573
2024-08-13,1.2857142857142856,10.571428571428571,5.714285714285714,19.142857142857142
2024-08-14,1.4285714285714286,10.857142857142858,5.571428571428571,19.714285714285715
2024-08-15,1.5714285714285714,11.142857142857142,5.428571428571429,20.285714285714285
2024-08-16,1.7142857142857142,11.428571428571429,5.285714285714286,20.857142857142858
2024-08-17,1.8571428571428572,11.714285714285714,5.142857142857143,21.428571428571427
2024-08-18,2.0,12.0,5.0,22.0
2024-08-19,2.0,11.714285714285714,4.857142857142857,21.142857142857142
2024-08-20,2.0,11.428571428571429,4.714285714285714,20.285714285714285
2024-08-21,2.0,11.142857142857142,4.571428571428571,19.42857142857143
2024-08-22,2.0,10.857142857142858,4.428571428571429,18.571428571428573
2024-08-23,2.0,10.571428571428571,4.285714285714286,17.714285714285715
2024-08-24,2.0,10.285714285714286,4.142857142857143,16.857142857142858
2024-08-25,2.0,10.0,4.0,16.0
2024-08-26,2.0,10.0,4.857142857142857,16.285714285714285
2024-08-27,2.0,10.0,5.714285714285714,16.571428571428573
2024-08-28,2.0,10.0,6.571428571428571,16.857142857142858
2024-08-29,2.0,10.0,7.428571428571429,17.142857142857142
2024-08-30,2.0,10.0,8.285714285714285,17.428571428571427
2024-08-31,2.0,10.0,9.142857142857142,17.714285714285715
2024-09-01,2.0,10.0,10.0,18.0
2024-09-02,2.0,9.857142857142858,9.142857142857142,18.0
2024-09-03,2.0,9.714285714285714,8.285714285714286,18.0
2024-09-04,2.0,9.571428571428571,7.428571428571429,18.0
2024-09-05,2.0,9.428571428571429,6.571428571428571,18.0
2024-09-06,2.0,9.285714285714286,5.714285714285714,18.0
2024-09-07,2.0,9.142857142857142,4.857142857142858,18.0
2024-09-08,2.0,9.0,4.0,18.0
2024-09-09,1.8571428571428572,9.142857142857142,3.857142857142857,19.428571428571427
2024-09-10,1.7142857142857144,9.285714285714286,3.7142857142857144,20.857142857142858
2024-09-11,1.5714285714285714,9.428571428571429,3.5714285714285716,22.285714285714285
2024-09-12,1.4285714285714286,9.571428571428571,3.428571428571429,23.714285714285715
2024-09-13,1.2857142857142858,9.714285714285714,3.2857142857142856,25.142857142857142
2024-09-14,1.1428571428571428,9.857142857142858,3.142857142857143,26.57142857142857
2024-09-15,1.0,10.0,3.0,28.0
2024-09-16,1.0,9.857142857142858,3.0,26.428571428571427
2024-09-17,1.0,9.714285714285714,3.0,24.857142857142858
2024-09-18,1.0,9.571428571428571,3.0,23.285714285714285
2024-09-19,1.0,9.428571428571429,3.0,21.714285714285715
2024-09-20,1.0,9.285714285714286,3.0,20.142857142857142
2024-09-21,1.0,9.142857142857142,3.0,18.57142857142857
2024-09-22,1.0,9.0,3.0,17.0
2024-09-23,1.0,9.0,3.857142857142857,17.0
2024-09-24,1.0,9.0,4.714285714285714,17.0
2024-09-25,1.0,9.0,5.571428571428571,17.0
2024-09-26,1.0,9.0,6.428571428571429,17.0
2024-09-27,1.0,9.0,7.285714285714286,17.0
2024-09-28,1.0,9.0,8.142857142857142,17.0
2024-09-29,1.0,9.0,9.0,17.0
2024-09-30,1.0,8.857142857142858,8.285714285714286,17.0
2024-10-01,1.0,8.714285714285714,7.571428571428571,17.0
2024-10-02,1.0,8.571428571428571,6.857142857142858,17.0
2024-10-03,1.0,8.428571428571429,6.142857142857142,17.0
2024-10-04,1.0,8.285714285714286,5.428571428571429,17.0
2024-10-05,1.0,8.142857142857142,4.714285714285714,17.0
2024-10-06,1.0,8.0,4.0,17.0
2024-10-07,1.0,8.0,3.857142857142857,17.428571428571427
2024-10-08,1.0,8.0,3.7142857142857144,17.857142857142858
2024-10-09,1.0,8.0,3.5714285714285716,18.285714285714285
2024-10-10,1.0,8.0,3.428571428571429,18.714285714285715
2024-10-11,1.0,8.0,3.2857142857142856,19.142857142857142
2024-10-12,1.0,8.0,3.142857142857143,19.57142857142857
2024-10-13,1.0,8.0,3.0,20.0
2024-10-14,1.0,7.857142857142857,3.0,19.285714285714285
2024-10-15,1.0,7.714285714285714,3.0,18.571428571428573
2024-10-16,1.0,7.571428571428571,3.0,17.857142857142858
2024-10-17,1.0,7.428571428571429,3.0,17.142857142857142
2024-10-18,1.0,7.285714285714286,3.0,16.428571428571427
2024-10-19,1.0,7.142857142857143,3.0,15.714285714285715
2024-10-20,1.0,7.0,3.0,15.0
2024-10-21,1.0,7.0,3.142857142857143,15.0
2024-10-22,1.0,7.0,3.2857142857142856,15.0
2024-10-23,1.0,7.0,3.4285714285714284,15.0
2024-10-24,1.0,7.0,3.571428571428571,15.0
2024-10-25,1.0,7.0,3.7142857142857144,15.0
2024-10-26,1.0,7.0,3.857142857142857,15.0
2024-10-27,1.0,7.0,4.0,15.0
2024-10-28,1.0,7.142857142857143,5.142857142857142,15.714285714285714
2024-10-29,1.0,7.285714285714286,6.285714285714286,16.428571428571427
2024-10-30,1.0,7.428571428571429,7.428571428571429,17.142857142857142
2024-10-31,1.0,7.571428571428571,8.571428571428571,17.857142857142858
2024-11-01,1.0,7.714285714285714,9.714285714285714,18.571428571428573
2024-11-02,1.0,7.857142857142857,10.857142857142858,19.285714285714285
2024-11-03,1.0,8.0,12.0,20.0
2024-11-04,1.0,8.0,11.142857142857142,19.571428571428573
2024-11-05,1.0,8.0,10.285714285714286,19.142857142857142
2024-11-06,1.0,8.0,9.428571428571429,18.714285714285715
2024-11-07,1.0,8.0,8.571428571428571,18.285714285714285
2024-11-08,1.0,8.0,7.714285714285714,17.857142857142858
2024-11-09,1.0,8.0,6.857142857142858,17.42857142857143
2024-11-10,1.0,8.0,6.0,17.0
2024-11-11,1.0,8.0,5.714285714285714,17.142857142857142
2024-11-12,1.0,8.0,5.428571428571429,17.285714285714285
2024-11-13,1.0,8.0,5.142857142857143,17.428571428571427
2024-11-14,1.0,8.0,4.857142857142858,17.571428571428573
2024-11-15,1.0,8.0,4.571428571428571,17.714285714285715
2024-11-16,1.0,8.0,4.285714285714286,17.857142857142858
2024-11-17,1.0,8.0,4.0,18.0
2024-11-18,1.0,7.857142857142857,3.857142857142857,17.428571428571427
2024-11-19,1.0,7.714285714285714,3.7142857142857144,16.857142857142858
2024-11-20,1.0,7.571428571428571,3.5714285714285716,16.285714285714285
2024-11-21,1.0,7.428571428571429,3.428571428571429,15.714285714285715
2024-11-22,1.0,7.285714285714286,3.2857142857142856,15.142857142857142
2024-11-23,1.0,7.142857142857143,3.142857142857143,14.571428571428571
2024-11-24,1.0,7.0,3.0,14.0
2024-11-25,1.0,7.0,4.285714285714286,14.285714285714286
2024-11-26,1.0,7.0,5.571428571428571,14.571428571428571
2024-11-27,1.0,7.0,6.857142857142858,14.857142857142858
2024-11-28,1.0,7.0,8.142857142857142,15.142857142857142
2024-11-29,1.0,7.0,9.428571428571429,15.428571428571429
2024-11-30,1.0,7.0,10.714285714285715,15.714285714285714
2024-12-01,1.0,7.0,12.0,16.0
2024-12-02,1.0,7.142857142857143,10.857142857142858,16.0
2024-12-03,1.0,7.285714285714286,9.714285714285715,16.0
2024-12-04,1.0,7.428571428571429,8.571428571428571,16.0
2024-12-05,1.0,7.571428571428571,7.428571428571429,16.0
2024-12-06,1.0,7.714285714285714,6.2857142857142865,16.0
2024-12-07,1.0,7.857142857142857,5.142857142857143,16.0
2024-12-08,1.0,8.0,4.0,16.0
2024-12-09,1.0,8.0,4.285714285714286,16.857142857142858
2024-12-10,1.0,8.0,4.571428571428571,17.714285714285715
2024-12-11,1.0,8.0,4.857142857142857,18.57142857142857
2024-12-12,1.0,8.0,5.142857142857142,19.428571428571427
2024-12-13,1.0,8.0,5.428571428571429,20.285714285714285
2024-12-14,1.0,8.0,5.714285714285714,21.142857142857142
2024-12-15,1.0,8.0,6.0,22.0
2024-12-16,1.0,8.0,6.285714285714286,22.428571428571427
2024-12-17,1.0,8.0,6.571428571428571,22.857142857142858
2024-12-18,1.0,8.0,6.857142857142857,23.285714285714285
2024-12-19,1.0,8.0,7.142857142857142,23.714285714285715
2024-12-20,1.0,8.0,7.428571428571429,24.142857142857142
2024-12-21,1.0,8.0,7.714285714285714,24.57142857142857
2024-12-22,1.0,8.0,8.0,25.0
2024-12-23,1.0,7.857142857142857,8.857142857142858,23.571428571428573
2024-12-24,1.0,7.714285714285714,9.714285714285714,22.142857142857142
2024-12-25,1.0,7.571428571428571,10.571428571428571,20.714285714285715
2024-12-26,1.0,7.428571428571429,11.428571428571429,19.285714285714285
2024-12-27,1.0,7.285714285714286,12.285714285714285,17.857142857142858
2024-12-28,1.0,7.142857142857143,13.142857142857142,16.42857142857143
2024-12-29,1.0,7.0,14.0,15.0
2024-12-30,1.0,7.0,12.571428571428571,15.142857142857142
2024-12-31,1.0,7.0,11.142857142857142,15.285714285714286
2025-01-01,1.0,7.0,9.714285714285715,15.428571428571429
2025-01-02,1.0,7.0,8.285714285714285,15.571428571428571
2025-01-03,1.0,7.0,6.857142857142857,15.714285714285714
2025-01-04,1.0,7.0,5.428571428571429,15.857142857142858
2025-01-05,1.0,7.0,4.0,16.0
2025-01-06,1.0,6.857142857142857,3.857142857142857,16.0
2025-01-07,1.0,6.714285714285714,3.7142857142857144,16.0
2025-01-08,1.0,6.571428571428571,3.5714285714285716,16.0
2025-01-09,1.0,6.428571428571429,3.428571428571429,16.0
2025-01-10,1.0,6.285714285714286,3.2857142857142856,16.0
2025-01-11,1.0,6.142857142857143,3.142857142857143,16.0
2025-01-12,1.0,6.0,3.0,16.0
2025-01-13,1.0,6.142857142857143,3.0,16.857142857142858
2025-01-14,1.0,6.285714285714286,3.0,17.714285714285715
2025-01-15,1.0,6.428571428571429,3.0,18.57142857142857
2025-01-16,1.0,6.571428571428571,3.0,19.428571428571427
2025-01-17,1.0,6.714285714285714,3.0,20.285714285714285
2025-01-18,1.0,6.857142857142857,3.0,21.142857142857142
2025-01-19,1.0,7.0,3.0,22.0
2025-01-20,1.0,7.0,3.0,21.428571428571427
2025-01-21,1.0,7.0,3.0,20.857142857142858
2025-01-22,1.0,7.0,3.0,20.285714285714285
2025-01-23,1.0,7.0,3.0,19.714285714285715
2025-01-24,1.0,7.0,3.0,19.142857142857142
2025-01-25,1.0,7.0,3.0,18.571428571428573
2025-01-26,1.0,7.0,3.0,18.0
2025-01-27,1.0,7.142857142857143,3.571428571428571,17.714285714285715
2025-01-28,1.0,7.285714285714286,4.142857142857142,17.428571428571427
2025-01-29,1.0,7.428571428571429,4.714285714285714,17.142857142857142
2025-01-30,1.0,7.571428571428571,5.285714285714286,16.857142857142858
2025-01-31,1.0,7.714285714285714,5.857142857142857,16.571428571428573
2025-02-01,1.0,7.857142857142857,6.428571428571429,16.285714285714285
2025-02-02,1.0,8.0,7.0,16.0
2025-02-03,1.0,7.857142857142857,6.428571428571429,15.857142857142858
2025-02-04,1.0,7.714285714285714,5.857142857142858,15.714285714285714
2025-02-05,1.0,7.571428571428571,5.285714285714286,15.571428571428571
2025-02-06,1.0,7.428571428571429,4.714285714285714,15.428571428571429
2025-02-07,1.0,7.285714285714286,4.142857142857143,15.285714285714286
2025-02-08,1.0,7.142857142857143,3.5714285714285716,15.142857142857142
2025-02-09,1.0,7.0,3.0,15.0
2025-02-10,1.0,7.0,2.857142857142857,15.0
2025-02-11,1.0,7.0,2.7142857142857144,15.0
2025-02-12,1.0,7.0,2.5714285714285716,15.0
2025-02-13,1.0,7.0,2.428571428571429,15.0
2025-02-14,1.0,7.0,2.2857142857142856,15.0
2025-02-15,1.0,7.0,2.142857142857143,15.0
2025-02-16,1.0,7.0,2.0,15.0
2025-02-17,1.0,6.857142857142857,2.142857142857143,14.857142857142858
2025-02-18,1.0,6.714285714285714,2.2857142857142856,14.714285714285714
2025-02-19,1.0,6.571428571428571,2.4285714285714284,14.571428571428571
2025-02-20,1.0,6.428571428571429,2.571428571428571,14.428571428571429
2025-02-21,1.0,6.285714285714286,2.7142857142857144,14.285714285714286
2025-02-22,1.0,6.142857142857143,2.857142857142857,14.142857142857142
2025-02-23,1.0,6.0,3.0,14.0
2025-02-24,1.0,6.142857142857143,3.7142857142857144,15.428571428571429
2025-02-25,1.0,6.285714285714286,4.428571428571429,16.857142857142858
2025-02-26,1.0,6.428571428571429,5.142857142857142,18.285714285714285
2025-02-27,1.0,6.571428571428571,5.857142857142858,19.714285714285715
2025-02-28,1.0,6.714285714285714,6.571428571428571,21.142857142857142
2025-03-01,1.0,6.857142857142857,7.285714285714286,22.57142857142857
2025-03-02,1.0,7.0,8.0,24.0
2025-03-03,1.0,6.857142857142857,7.285714285714286,22.714285714285715
2025-03-04,1.0,6.714285714285714,6.571428571428571,21.428571428571427
2025-03-05,1.0,6.571428571428571,5.857142857142858,20.142857142857142
2025-03-06,1.0,6.428571428571429,5.142857142857142,18.857142857142858
2025-03-07,1.0,6.285714285714286,4.428571428571429,17.57142857142857
2025-03-08,1.0,6.142857142857143,3.7142857142857144,16.285714285714285
2025-03-09,1.0,6.0,3.0,15.0
2025-03-10,1.4285714285714286,7.571428571428571,3.0,15.285714285714286
2025-03-11,1.8571428571428572,9.142857142857142,3.0,15.571428571428571
2025-03-12,2.2857142857142856,10.714285714285715,3.0,15.857142857142858
2025-03-13,2.7142857142857144,12.285714285714285,3.0,16.142857142857142
2025-03-14,3.142857142857143,13.857142857142858,3.0,16.428571428571427
2025-03-15,3.571428571428571,15.428571428571429,3.0,16.714285714285715
2025-03-16,4.0,17.0,3.0,17.0
2025-03-17,3.7142857142857144,16.0,3.0,16.714285714285715
2025-03-18,3.428571428571429,15.0,3.0,16.428571428571427
2025-03-19,3.142857142857143,14.0,3.0,16.142857142857142
2025-03-20,2.857142857142857,13.0,3.0,15.857142857142858
2025-03-21,2.5714285714285716,12.0,3.0,15.571428571428571
2025-03-22,2.2857142857142856,11.0,3.0,15.285714285714286
2025-03-23,2.0,10.0,3.0,15.0
2025-03-24,1.8571428571428572,9.571428571428571,4.0,14.714285714285714
2025-03-25,1.7142857142857144,9.142857142857142,5.0,14.428571428571429
2025-03-26,1.5714285714285714,8.714285714285715,6.0,14.142857142857142
2025-03-27,1.4285714285714286,8.285714285714286,7.0,13.857142857142858
2025-03-28,1.2857142857142858,7.857142857142858,8.0,13.571428571428571
2025-03-29,1.1428571428571428,7.428571428571429,9.0,13.285714285714286
2025-03-30,1.0,7.0,10.0,13.0
2025-03-31,1.0,7.0,9.142857142857142,13.428571428571429
2025-04-01,1.0,7.0,8.285714285714286,13.857142857142858
2025-04-02,1.0,7.0,7.428571428571429,14.285714285714285
2025-04-03,1.0,7.0,6.571428571428571,14.714285714285714
2025-04-04,1.0,7.0,5.714285714285714,15.142857142857142
2025-04-05,1.0,7.0,4.857142857142858,15.571428571428571
2025-04-06,1.0,7.0,4.0,16.0
2025-04-07,1.0,7.0,4.0,17.285714285714285
2025-04-08,1.0,7.0,4.0,18.571428571428573
2025-04-09,1.0,7.0,4.0,19.857142857142858
2025-04-10,1.0,7.0,4.0,21.142857142857142
2025-04-11,1.0,7.0,4.0,22.42857142857143
2025-04-12,1.0,7.0,4.0,23.714285714285715
2025-04-13,1.0,7.0,4.0,25.0
2025-04-14,1.0,6.857142857142857,3.857142857142857,23.714285714285715
2025-04-15,1.0,6.714285714285714,3.7142857142857144,22.428571428571427
2025-04-16,1.0,6.571428571428571,3.5714285714285716,21.142857142857142
2025-04-17,1.0,6.428571428571429,3.428571428571429,19.857142857142858
2025-04-18,1.0,6.285714285714286,3.2857142857142856,18.57142857142857
2025-04-19,1.0,6.142857142857143,3.142857142857143,17.285714285714285
2025-04-20,1.0,6.0,3.0,16.0
2025-04-21,1.0,6.0,3.2857142857142856,15.857142857142858
2025-04-22,1.0,6.0,3.571428571428571,15.714285714285714
2025-04-23,1.0,6.0,3.857142857142857,15.571428571428571
2025-04-24,1.0,6.0,4.142857142857142,15.428571428571429
2025-04-25,1.0,6.0,4.428571428571429,15.285714285714286
2025-04-26,1.0,6.0,4.714285714285714,15.142857142857142
2025-04-27,1.0,6.0,5.0,15.0
2025-04-28,1.0,6.0,5.714285714285714,15.285714285714286
2025-04-29,1.0,6.0,6.428571428571429,15.571428571428571
2025-04-30,1.0,6.0,7.142857142857142,15.857142857142858
2025-05-01,1.0,6.0,7.857142857142858,16.142857142857142
2025-05-02,1.0,6.0,8.571428571428571,16.428571428571427
2025-05-03,1.0,6.0,9.285714285714285,16.714285714285715
2025-05-04,1.0,6.0,10.0,17.0
2025-05-05,1.0,6.142857142857143,9.0,16.714285714285715
2025-05-06,1.0,6.285714285714286,8.0,16.428571428571427
2025-05-07,1.0,6.428571428571429,7.0,16.142857142857142
2025-05-08,1.0,6.571428571428571,6.0,15.857142857142858
2025-05-09,1.0,6.714285714285714,5.0,15.571428571428571
2025-05-10,1.0,6.857142857142857,4.0,15.285714285714286
2025-05-11,1.0,7.0,3.0,15.0
2025-05-12,1.0,6.857142857142857,3.0,15.0
2025-05-13,1.0,6.714285714285714,3.0,15.0
2025-05-14,1.0,6.571428571428571,3.0,15.0
2025-05-15,1.0,6.428571428571429,3.0,15.0
2025-05-16,1.0,6.285714285714286,3.0,15.0
2025-05-17,1.0,6.142857142857143,3.0,15.0
2025-05-18,1.0,6.0,3.0,15.0
2025-05-19,1.0,6.0,3.0,14.857142857142858
2025-05-20,1.0,6.0,3.0,14.714285714285714
2025-05-21,1.0,6.0,3.0,14.571428571428571
2025-05-22,1.0,6.0,3.0,14.428571428571429
2025-05-23,1.0,6.0,3.0,14.285714285714286
2025-05-24,1.0,6.0,3.0,14.142857142857142
2025-05-25,1.0,6.0,3.0,14.0
2025-05-26,1.0,6.0,4.285714285714286,14.0
2025-05-27,1.0,6.0,5.571428571428571,14.0
2025-05-28,1.0,6.0,6.857142857142858,14.0
2025-05-29,1.0,6.0,8.142857142857142,14.0
2025-05-30,1.0,6.0,9.428571428571429,14.0
2025-05-31,1.0,6.0,10.714285714285715,14.0
2025-06-01,1.0,6.0,12.0,14.0
2025-06-02,1.0,6.0,10.857142857142858,14.142857142857142
2025-06-03,1.0,6.0,9.714285714285715,14.285714285714286
2025-06-04,1.0,6.0,8.571428571428571,14.428571428571429
2025-06-05,1.0,6.0,7.428571428571429,14.571428571428571
2025-06-06,1.0,6.0,6.2857142857142865,14.714285714285714
2025-06-07,1.0,6.0,5.142857142857143,14.857142857142858
2025-06-08,1.0,6.0,4.0,15.0
2025-06-09,1.1428571428571428,6.142857142857143,4.0,15.714285714285714
2025-06-10,1.2857142857142856,6.285714285714286,4.0,16.428571428571427
2025-06-11,1.4285714285714286,6.428571428571429,4.0,17.142857142857142
2025-06-12,1.5714285714285714,6.571428571428571,4.0,17.857142857142858
2025-06-13,1.7142857142857142,6.714285714285714,4.0,18.571428571428573
2025-06-14,1.8571428571428572,6.857142857142857,4.0,19.285714285714285
2025-06-15,2.0,7.0,4.0,20.0
2025-06-16,1.8571428571428572,7.0,4.0,19.142857142857142
2025-06-17,1.7142857142857144,7.0,4.0,18.285714285714285
2025-06-18,1.5714285714285714,7.0,4.0,17.42857142857143
2025-06-19,1.4285714285714286,7.0,4.0,16.571428571428573
2025-06-20,1.2857142857142858,7.0,4.0,15.714285714285715
2025-06-21,1.1428571428571428,7.0,4.0,14.857142857142858
2025-06-22,1.0,7.0,4.0,14.0
2025-06-23,1.0,7.0,5.571428571428571,14.285714285714286
2025-06-24,1.0,7.0,7.142857142857142,14.571428571428571
2025-06-25,1.0,7.0,8.714285714285715,14.857142857142858
2025-06-26,1.0,7.0,10.285714285714285,15.142857142857142
2025-06-27,1.0,7.0,11.857142857142858,15.428571428571429
2025-06-28,1.0,7.0,13.428571428571429,15.714285714285714
2025-06-29,1.0,7.0,15.0,16.0
2025-06-30,1.0,7.0,13.142857142857142,16.142857142857142
2025-07-01,1.0,7.0,11.285714285714285,16.285714285714285
2025-07-02,1.0,7.0,9.428571428571429,16.428571428571427
2025-07-03,1.0,7.0,7.571428571428571,16.571428571428573
2025-07-04,1.0,7.0,5.7142857142857135,16.714285714285715
2025-07-05,1.0,7.0,3.8571428571428577,16.857142857142858
2025-07-06,1.0,7.0,2.0,17.0
2025-07-07,1.1428571428571428,6.857142857142857,2.142857142857143,16.857142857142858
2025-07-08,1.2857142857142856,6.714285714285714,2.2857142857142856,16.714285714285715
2025-07-09,1.4285714285714286,6.571428571428571,2.4285714285714284,16.571428571428573
2025-07-10,1.5714285714285714,6.428571428571429,2.571428571428571,16.428571428571427
2025-07-11,1.7142857142857142,6.285714285714286,2.7142857142857144,16.285714285714285
2025-07-12,1.8571428571428572,6.142857142857143,2.857142857142857,16.142857142857142
2025-07-13,2.0,6.0,3.0,16.0
2025-07-14,1.8571428571428572,6.0,2.857142857142857,17.571428571428573
2025-07-15,1.7142857142857144,6.0,2.7142857142857144,19.142857142857142
2025-07-16,1.5714285714285714,6.0,2.5714285714285716,20.714285714285715
2025-07-17,1.4285714285714286,6.0,2.428571428571429,22.285714285714285
2025-07-18,1.2857142857142858,6.0,2.2857142857142856,23.857142857142858
2025-07-19,1.1428571428571428,6.0,2.142857142857143,25.42857142857143
2025-07-20,1.0,6.0,2.0,27.0
2025-07-21,1.0,6.0,2.142857142857143,26.0
2025-07-22,1.0,6.0,2.2857142857142856,25.0
2025-07-23,1.0,6.0,2.4285714285714284,24.0
2025-07-24,1.0,6.0,2.571428571428571,23.0
2025-07-25,1.0,6.0,2.7142857142857144,22.0
2025-07-26,1.0,6.0,2.857142857142857,21.0
2025-07-27,1.0,6.0,3.0,20.0
2025-07-28,1.1428571428571428,6.0,3.2857142857142856,19.428571428571427
2025-07-29,1.2857142857142856,6.0,3.571428571428571,18.857142857142858
2025-07-30,1.4285714285714286,6.0,3.857142857142857,18.285714285714285
2025-07-31,1.5714285714285714,6.0,4.142857142857142,17.714285714285715
2025-08-01,1.7142857142857142,6.0,4.428571428571429,17.142857142857142
2025-08-02,1.8571428571428572,6.0,4.714285714285714,16.571428571428573
2025-08-03,2.0,6.0,5.0,16.0
2025-08-04,1.8571428571428572,5.857142857142857,4.714285714285714,15.857142857142858
2025-08-05,1.7142857142857144,5.714285714285714,4.428571428571429,15.714285714285714
2025-08-06,1.5714285714285714,5.571428571428571,4.142857142857143,15.571428571428571
2025-08-07,1.4285714285714286,5.428571428571429,3.857142857142857,15.428571428571429
2025-08-08,1.2857142857142858,5.285714285714286,3.5714285714285716,15.285714285714286
2025-08-09,1.1428571428571428,5.142857142857143,3.2857142857142856,15.142857142857142
2025-08-10,1.0,5.0,3.0,15.0
2025-08-11,1.0,5.142857142857143,2.857142857142857,15.142857142857142
2025-08-12,1.0,5.285714285714286,2.7142857142857144,15.285714285714286
2025-08-13,1.0,5.428571428571429,2.5714285714285716,15.428571428571429
2025-08-14,1.0,5.571428571428571,2.428571428571429,15.571428571428571
2025-08-15,1.0,5.714285714285714,2.2857142857142856,15.714285714285714
2025-08-16,1.0,5.857142857142857,2.142857142857143,15.857142857142858
2025-08-17,1.0,6.0,2.0,16.0
2025-08-18,1.0,6.0,2.142857142857143,15.857142857142858
2025-08-19,1.0,6.0,2.2857142857142856,15.714285714285714
2025-08-20,1.0,6.0,2.4285714285714284,15.571428571428571
2025-08-21,1.0,6.0,2.571428571428571,15.428571428571429
2025-08-22,1.0,6.0,2.7142857142857144,15.285714285714286
2025-08-23,1.0,6.0,2.857142857142857,15.142857142857142
2025-08-24,1.0,6.0,3.0,15.0
2025-08-25,1.1428571428571428,6.0,3.571428571428571,15.0
2025-08-26,1.2857142857142856,6.0,4.142857142857142,15.0
2025-08-27,1.4285714285714286,6.0,4.714285714285714,15.0
2025-08-28,1.5714285714285714,6.0,5.285714285714286,15.0
2025-08-29,1.7142857142857142,6.0,5.857142857142857,15.0
2025-08-30,1.8571428571428572,6.0,6.428571428571429,15.0
2025-08-31,2.0,6.0,7.0,15.0
2025-09-01,2.0,6.0,6.285714285714286,15.857142857142858
2025-09-02,2.0,6.0,5.571428571428571,16.714285714285715
2025-09-03,2.0,6.0,4.857142857142858,17.57142857142857
2025-09-04,2.0,6.0,4.142857142857142,18.428571428571427
2025-09-05,2.0,6.0,3.4285714285714284,19.285714285714285
2025-09-06,2.0,6.0,2.7142857142857144,20.142857142857142
2025-09-07,2.0,6.0,2.0,21.0
2025-09-08,1.8571428571428572,6.0,2.0,21.0
2025-09-09,1.7142857142857144,6.0,2.0,21.0
2025-09-10,1.5714285714285714,6.0,2.0,21.0
2025-09-11,1.4285714285714286,6.0,2.0,21.0
2025-09-12,1.2857142857142858,6.0,2.0,21.0
2025-09-13,1.1428571428571428,6.0,2.0,21.0
2025-09-14,1.0,6.0,2.0,21.0
2025-09-15,1.0,5.857142857142857,2.0,19.857142857142858
2025-09-16,1.0,5.714285714285714,2.0,18.714285714285715
2025-09-17,1.0,5.571428571428571,2.0,17.571428571428573
2025-09-18,1.0,5.428571428571429,2.0,16.42857142857143
2025-09-19,1.0,5.285714285714286,2.0,15.285714285714286
2025-09-20,1.0,5.142857142857143,2.0,14.142857142857142
2025-09-21,1.0,5.0,2.0,13.0
2025-09-22,1.0,5.142857142857143,2.857142857142857,13.0
2025-09-23,1.0,5.285714285714286,3.7142857142857144,13.0
2025-09-24,1.0,5.428571428571429,4.571428571428571,13.0
2025-09-25,1.0,5.571428571428571,5.428571428571429,13.0
2025-09-26,1.0,5.714285714285714,6.285714285714286,13.0
2025-09-27,1.0,5.857142857142857,7.142857142857142,13.0
2025-09-28,1.0,6.0,8.0,13.0
2025-09-29,1.0,6.0,7.285714285714286,13.142857142857142
2025-09-30,1.0,6.0,6.571428571428571,13.285714285714286
2025-10-01,1.0,6.0,5.857142857142858,13.428571428571429
2025-10-02,1.0,6.0,5.142857142857142,13.571428571428571
2025-10-03,1.0,6.0,4.428571428571429,13.714285714285714
2025-10-04,1.0,6.0,3.7142857142857144,13.857142857142858
2025-10-05,1.0,6.0,3.0,14.0
2025-10-06,1.0,6.0,3.0,14.0
2025-10-07,1.0,6.0,3.0,14.0
2025-10-08,1.0,6.0,3.0,14.0
2025-10-09,1.0,6.0,3.0,14.0
2025-10-10,1.0,6.0,3.0,14.0
2025-10-11,1.0,6.0,3.0,14.0
2025-10-12,1.0,6.0,3.0,14.0
2025-10-13,1.0,6.0,3.0,14.571428571428571
2025-10-14,1.0,6.0,3.0,15.142857142857142
2025-10-15,1.0,6.0,3.0,15.714285714285714
2025-10-16,1.0,6.0,3.0,16.285714285714285
2025-10-17,1.0,6.0,3.0,16.857142857142858
2025-10-18,1.0,6.0,3.0,17.428571428571427
2025-10-19,1.0,6.0,3.0,18.0
2025-10-20,1.0,5.857142857142857,2.857142857142857,17.285714285714285
2025-10-21,1.0,5.714285714285714,2.7142857142857144,16.571428571428573
2025-10-22,1.0,5.571428571428571,2.5714285714285716,15.857142857142858
2025-10-23,1.0,5.428571428571429,2.428571428571429,15.142857142857142
2025-10-24,1.0,5.285714285714286,2.2857142857142856,14.428571428571429
2025-10-25,1.0,5.142857142857143,2.142857142857143,13.714285714285715
2025-10-26,1.0,5.0,2.0,13.0
